id;a440;slope
TIBT02500;1.0479928957218312;0.01719175000523867
TIES04900;1.4023234331977168;0.01531852765393691
TIET02100;1.3062715451199436;0.016098872124461403
TIET02250;0.9979983721434108;0.016709310171467703
TIET02275;2.22250538557626;0.012981611125619389
TIET02310;1.5965075623793163;0.015307600925242373
TIET02325;1.384911240187578;0.015465774924789144
TIET02350;1.4063483276069526;0.015595529295949843
TIET02360;1.432076871356681;0.015429149478086287
TIET02380;1.5703662969952727;0.015297140717969327
TIET02385;1.802544522141084;0.014945427923633995
TIET02400;1.623442499272539;0.015511511641011147
TIET02420;1.6471293279932515;0.015424226483881165
TIET02425;1.8741045098999014;0.015116393941588726
TIET02450;1.3164842973043653;0.01606944244406793
TIET02475;1.4028197661090507;0.01575971236913174
TIET02500;0.7244061572025353;0.01875110010997512
TIET02530;1.0078056731146279;0.017740993390600635
TIPI04900;1.1756179428549554;0.016002144543241344
TIRG02900;1.1098284448995215;0.016537478745673434
