date;time;station;pressure;temp;salinity;density;sigmaT;chla;turbidity;do_percent;do_mgL;do_umolL
02/03/2026;12:40;P01;0.5;27.15;31.57;1020.09;20.09;1.82;4.23;93.04;6.18;193.06
02/03/2026;13:03;P02;0.5;27.33;29.24;1018.28;18.28;3.18;4.23;96.77;6.49;202.84
02/03/2026;13:26;P03;0.5;27.02;28.9;1018.13;18.13;3.57;5.55;92.47;6.25;195.29
02/03/2026;13:40;P04;0.5;27.74;25.47;1015.33;15.33;7.13;3.32;93.27;6.35;198.37
02/03/2026;13:55;P05;0.5;27.3;24.52;1014.76;14.75;6.26;5.23;79.32;5.47;170.8
02/03/2026;14:21;P06;0.5;27.62;23.24;1013.7;13.69;7.35;4.16;89.86;6.2;193.8
03/03/2026;09:57;P07;0.5;27.12;22.51;1013.31;13.31;6;11.16;80.56;5.63;176.03
03/03/2026;10:21;P08;0.5;27.35;22.76;1013.42;13.42;7.2;39.64;78.47;5.46;170.54
03/03/2026;10:43;P09;0.5;27.59;20.34;1011.55;11.54;8.96;15.49;83.34;5.85;182.86
03/03/2026;10:55;P10;0.5;27.18;18.05;1009.96;9.95;6.4;11.77;77.39;5.54;173.18
03/03/2026;11:22;P11;0.5;26.86;17.34;1009.52;9.52;5.35;22.89;67.83;4.9;153.26
03/03/2026;11:56;P12;0.5;25.93;5.43;1000.88;0.88;3.85;18.59;62.49;4.91;153.47
03/03/2026;12:12;P13;0.5;26.84;11.35;1005.05;5.05;4.3;18.29;60.93;4.56;142.43
03/03/2026;12:28;P14;0.5;27.36;11.12;1004.73;4.72;6.84;12.08;81.32;6.04;188.61
03/03/2026;12:45;P15;0.5;27.21;11.08;1004.75;4.74;7.36;19.78;73.8;5.49;171.6
03/03/2026;13:23;P16;0.5;27.83;6.41;1001.08;1.08;8.37;8.05;117.43;8.86;276.92
03/03/2026;13:55;P17;0.5;28.82;25.04;1014.67;14.67;8.66;7.38;135.22;9.06;283.11
03/03/2026;14:13;P18;0.5;27.86;25.9;1015.62;15.61;7.63;5.47;108.03;7.32;228.73
04/03/2026;09:45;P19;0.5;27.29;29.1;1018.2;18.19;2.93;5.91;95.37;6.41;200.29
04/03/2026;10:02;P20;0.5;27.42;27.32;1016.82;16.82;3.41;6.97;93.69;6.34;198.23
04/03/2026;10:22;P21;0.5;27.31;28.92;1018.05;18.05;2.96;5.05;94.77;6.37;199.13
04/03/2026;11:20;P22;0.5;27.7;28.6;1017.69;17.69;4.51;9.58;97.94;6.55;204.62
04/03/2026;11:32;P23;0.5;28.3;29.22;1017.96;17.95;2.53;7.22;102.12;6.74;210.68
04/03/2026;11:49;P24;0.5;27.46;27.51;1016.94;16.94;4.35;12.13;91.33;6.17;192.65
04/03/2026;12:07;P25;0.5;27.18;27.17;1016.78;16.78;6.18;29.8;86.54;5.89;183.96
04/03/2026;12:45;P26;0.5;27.92;28.43;1017.49;17.49;4.55;11.82;99.26;6.62;206.9
04/03/2026;13:02;P27;0.5;28.34;23.59;1013.74;13.73;3.9;5.01;88.07;6;187.43
04/03/2026;13:19;P28;0.5;28;21.8;1012.5;12.5;4.34;3.38;89.21;6.17;192.68
04/03/2026;13:38;P29;0.5;28.2;18.94;1010.31;10.31;5.42;17.03;77.81;5.45;170.28
05/03/2026;08:59;P30;0.5;27.45;25.87;1015.72;15.72;4.15;7.69;97.7;6.67;208.42
05/03/2026;09:19;P31;0.5;26.96;21.53;1012.62;12.62;3.89;8.87;89.4;6.31;197.06
05/03/2026;09:38;P32;0.5;26.98;20.12;1011.56;11.56;6.74;11.89;80.13;5.7;178.01
05/03/2026;10:06;P33;0.5;27.05;12.78;1006.06;6.06;3.67;10.03;68.92;5.1;159.26
05/03/2026;10:27;P34;0.5;27.58;17.1;1009.12;9.12;3.33;4.68;12.57;0.9;28.09
05/03/2026;11:14;P35;0.5;27.11;9.75;1003.78;3.78;4.47;29.88;80.22;6.03;188.37
05/03/2026;11:32;P36;0.5;27.48;18.53;1010.22;10.22;3.86;3.71;90.79;6.45;201.61
05/03/2026;11:53;P37;0.5;27.82;20.2;1011.37;11.36;4.03;7.31;88.98;6.22;194.37
05/03/2026;12:09;P38;0.5;28.38;22.77;1013.11;13.11;3.99;6.72;97.87;6.69;208.96
