id;acdom443;slope
7;1.2479575002959833;0.017540630688608828
8;1.1356843607567855;0.01761127115699965
9;1.1346912490537662;0.01793743791933306
10;1.2442686587173384;0.017660476732177053
11;1.302611317946508;0.017418832152686022
12;1.8043859427722897;0.016487698768693753
13;1.4159983198705104;0.01819853317365465
14;1.363799918129209;0.017306304128099154
15;1.1030242419252454;0.019044004670875254
16;1.1428889629738825;0.017896139029278096
17;0.9720959060544889;0.018411609578128263
18;1.0024150127194265;0.018450041886390007
