Criado como novo conjunto de dados;
nm;A
800.0;0.2591
799.0;0.2595
798.0;0.2602
797.0;0.2597
796.0;0.2602
795.0;0.2611
794.0;0.2612
793.0;0.2611
792.0;0.2616
791.0;0.2621
790.0;0.2620
789.0;0.2626
788.0;0.2630
787.0;0.2630
786.0;0.2637
785.0;0.2635
784.0;0.2636
783.0;0.2641
782.0;0.2641
781.0;0.2641
780.0;0.2643
779.0;0.2644
778.0;0.2651
777.0;0.2653
776.0;0.2656
775.0;0.2658
774.0;0.2659
773.0;0.2660
772.0;0.2667
771.0;0.2671
770.0;0.2669
769.0;0.2672
768.0;0.2673
767.0;0.2678
766.0;0.2677
765.0;0.2677
764.0;0.2679
763.0;0.2683
762.0;0.2683
761.0;0.2684
760.0;0.2690
759.0;0.2690
758.0;0.2689
757.0;0.2695
756.0;0.2696
755.0;0.2702
754.0;0.2702
753.0;0.2703
752.0;0.2704
751.0;0.2705
750.0;0.2708
749.0;0.2715
748.0;0.2714
747.0;0.2715
746.0;0.2713
745.0;0.2722
744.0;0.2721
743.0;0.2722
742.0;0.2728
741.0;0.2730
740.0;0.2732
739.0;0.2731
738.0;0.2736
737.0;0.2732
736.0;0.2735
735.0;0.2735
734.0;0.2734
733.0;0.2734
732.0;0.2737
731.0;0.2739
730.0;0.2737
729.0;0.2743
728.0;0.2743
727.0;0.2742
726.0;0.2742
725.0;0.2748
724.0;0.2748
723.0;0.2748
722.0;0.2750
721.0;0.2749
720.0;0.2750
719.0;0.2756
718.0;0.2758
717.0;0.2759
716.0;0.2760
715.0;0.2761
714.0;0.2763
713.0;0.2766
712.0;0.2768
711.0;0.2767
710.0;0.2771
709.0;0.2776
708.0;0.2779
707.0;0.2781
706.0;0.2783
705.0;0.2784
704.0;0.2782
703.0;0.2788
702.0;0.2789
701.0;0.2791
700.0;0.2792
699.0;0.2798
698.0;0.2802
697.0;0.2805
696.0;0.2810
695.0;0.2808
694.0;0.2812
693.0;0.2815
692.0;0.2820
691.0;0.2820
690.0;0.2821
689.0;0.2825
688.0;0.2827
687.0;0.2829
686.0;0.2834
685.0;0.2837
684.0;0.2838
683.0;0.2839
682.0;0.2851
681.0;0.2852
680.0;0.2856
679.0;0.2858
678.0;0.2862
677.0;0.2865
676.0;0.2863
675.0;0.2868
674.0;0.2872
673.0;0.2872
672.0;0.2873
671.0;0.2880
670.0;0.2882
669.0;0.2886
668.0;0.2886
667.0;0.2894
666.0;0.2897
665.0;0.2898
664.0;0.2901
663.0;0.2906
662.0;0.2904
661.0;0.2913
660.0;0.2911
659.0;0.2916
658.0;0.2915
657.0;0.2924
656.0;0.2924
655.0;0.2931
654.0;0.2932
653.0;0.2936
652.0;0.2937
651.0;0.2946
650.0;0.2943
649.0;0.2951
648.0;0.2958
647.0;0.2955
646.0;0.2956
645.0;0.2962
644.0;0.2966
643.0;0.2971
642.0;0.2973
641.0;0.2978
640.0;0.2978
639.0;0.2984
638.0;0.2986
637.0;0.2991
636.0;0.2995
635.0;0.2998
634.0;0.3003
633.0;0.3004
632.0;0.3012
631.0;0.3013
630.0;0.3020
629.0;0.3023
628.0;0.3025
627.0;0.3030
626.0;0.3031
625.0;0.3037
624.0;0.3042
623.0;0.3042
622.0;0.3050
621.0;0.3052
620.0;0.3054
619.0;0.3058
618.0;0.3064
617.0;0.3069
616.0;0.3072
615.0;0.3077
614.0;0.3080
613.0;0.3087
612.0;0.3091
611.0;0.3094
610.0;0.3097
609.0;0.3101
608.0;0.3110
607.0;0.3116
606.0;0.3119
605.0;0.3125
604.0;0.3130
603.0;0.3135
602.0;0.3144
601.0;0.3148
600.0;0.3154
599.0;0.3161
598.0;0.3169
597.0;0.3176
596.0;0.3181
595.0;0.3187
594.0;0.3198
593.0;0.3201
592.0;0.3210
591.0;0.3214
590.0;0.3223
589.0;0.3226
588.0;0.3238
587.0;0.3241
586.0;0.3250
585.0;0.3254
584.0;0.3258
583.0;0.3263
582.0;0.3276
581.0;0.3280
580.0;0.3286
579.0;0.3290
578.0;0.3299
577.0;0.3302
576.0;0.3306
575.0;0.3316
574.0;0.3320
573.0;0.3327
572.0;0.3339
571.0;0.3339
570.0;0.3352
569.0;0.3356
568.0;0.3364
567.0;0.3368
566.0;0.3373
565.0;0.3380
564.0;0.3387
563.0;0.3397
562.0;0.3406
561.0;0.3411
560.0;0.3419
559.0;0.3424
558.0;0.3432
557.0;0.3441
556.0;0.3448
555.0;0.3452
554.0;0.3460
553.0;0.3466
552.0;0.3474
551.0;0.3485
550.0;0.3493
549.0;0.3500
548.0;0.3508
547.0;0.3511
546.0;0.3520
545.0;0.3526
544.0;0.3537
543.0;0.3548
542.0;0.3556
541.0;0.3560
540.0;0.3574
539.0;0.3582
538.0;0.3590
537.0;0.3598
536.0;0.3608
535.0;0.3618
534.0;0.3629
533.0;0.3638
532.0;0.3647
531.0;0.3654
530.0;0.3665
529.0;0.3677
528.0;0.3689
527.0;0.3697
526.0;0.3708
525.0;0.3717
524.0;0.3732
523.0;0.3738
522.0;0.3752
521.0;0.3761
520.0;0.3773
519.0;0.3784
518.0;0.3795
517.0;0.3804
516.0;0.3816
515.0;0.3828
514.0;0.3843
513.0;0.3850
512.0;0.3865
511.0;0.3876
510.0;0.3886
509.0;0.3900
508.0;0.3912
507.0;0.3930
506.0;0.3938
505.0;0.3952
504.0;0.3962
503.0;0.3977
502.0;0.3990
501.0;0.4002
500.0;0.4017
499.0;0.4031
498.0;0.4042
497.0;0.4056
496.0;0.4073
495.0;0.4082
494.0;0.4100
493.0;0.4114
492.0;0.4124
491.0;0.4142
490.0;0.4152
489.0;0.4174
488.0;0.4187
487.0;0.4202
486.0;0.4214
485.0;0.4225
484.0;0.4241
483.0;0.4260
482.0;0.4266
481.0;0.4281
480.0;0.4295
479.0;0.4312
478.0;0.4327
477.0;0.4340
476.0;0.4353
475.0;0.4370
474.0;0.4379
473.0;0.4392
472.0;0.4410
471.0;0.4419
470.0;0.4433
469.0;0.4446
468.0;0.4458
467.0;0.4473
466.0;0.4479
465.0;0.4506
464.0;0.4511
463.0;0.4523
462.0;0.4542
461.0;0.4550
460.0;0.4561
459.0;0.4576
458.0;0.4590
457.0;0.4605
456.0;0.4619
455.0;0.4631
454.0;0.4647
453.0;0.4660
452.0;0.4679
451.0;0.4695
450.0;0.4717
449.0;0.4731
448.0;0.4741
447.0;0.4769
446.0;0.4782
445.0;0.4801
444.0;0.4819
443.0;0.4846
442.0;0.4860
441.0;0.4883
440.0;0.4896
439.0;0.4920
438.0;0.4932
437.0;0.4961
436.0;0.4980
435.0;0.5004
434.0;0.5027
433.0;0.5054
432.0;0.5086
431.0;0.5079
430.0;0.5128
429.0;0.5151
428.0;0.5174
427.0;0.5171
426.0;0.5232
425.0;0.5258
424.0;0.5276
423.0;0.5285
422.0;0.5324
421.0;0.5344
420.0;0.5369
419.0;0.5379
418.0;0.5410
417.0;0.5431
416.0;0.5461
415.0;0.5481
414.0;0.5512
413.0;0.5537
412.0;0.5562
411.0;0.5590
410.0;0.5615
409.0;0.5643
408.0;0.5670
407.0;0.5695
406.0;0.5727
405.0;0.5751
404.0;0.5772
403.0;0.5800
402.0;0.5816
401.0;0.5844
400.0;0.5865
399.0;0.5883
398.0;0.5925
397.0;0.5948
396.0;0.5971
395.0;0.6015
394.0;0.6012
393.0;0.6043
392.0;0.6080
391.0;0.6109
390.0;0.6157
